{"2":{"objectClass":"SQLDatabase","id":"2"},"_creationTime":"2017-07-15 12:37:56","_lastCreatedObjectID":2,"1_1":"null", "2_0" : {"style":["164px","363px"]}, "3_0" : {"objectClass":"SQLDatabase","id":"3"}, "3_1" : {"style":["216px","594px"]}, "3_2" : {"databaseSourceName":"dasd"}, "3_3" : {"databaseSourceURL":"dsa"}, "3_4" : {"databaseUsername":"2"}, "3_5" : {"databaseSourcePort":"2"}, "3_6" : {"databasePassword":"sad"}, "3_7" : {"queryToExecute":"ds"}, "3_8" : {"null":null}, "3_9" : {"style":["165px","636px"]}